Workbook

Sheet 시작
B1: 이 서식 파일 정보
B2: 이 템플릿을 사용하여 채널 마케팅 예산을 만드세요.
B3: 표에 월별 예상 판매량과 각종 정보를 입력하면 됩니다.
B4: 정보를 입력하면 합계가 자동으로 계산되고 스파크라인이 업데이트됩니다.
B5: 참고:
B6: 채널 마케팅 예산 워크시트의 A열에서 더 자세한 지침을 확인할 수 있습니다. 이 텍스트는 일부러 숨겨 놓았습니다. 텍스트를 제거하려면 A열을 선택한 다음 [삭제]를 선택합니다. 텍스트를 표시하려면 A열을 선택한 다음 글꼴 색상을 변경합니다.
B7: 표에 대해 자세히 알려면 표 안에서 SHIFT 키를 누른 채 F10 키를 누르고 [표] 옵션을 선택한 다음, [대체 텍스트]를 선택합니다.

Sheet 채널 마케팅 예산
A1: 이 워크시트에 채널 마케팅 예산을 작성합니다. 오른쪽 셀에 이 워크시트의 제목이 표시됩니다. 이 열의 몇몇 셀에서 유용한 지침을 확인할 수 있습니다. 아래쪽 화살표를 사용하여 시작할 수 있습니다. 오른쪽 셀에 이 워크시트의 제목이 표시됩니다.
A2: 이 행의 셀 C2:O2에는 요율 및 월 레이블이, 셀 Q2에는 합계 레이블이 있습니다. | C2: 요율 | D2: 1월 | E2: 2월 | F2: 3월 | G2: 4월 | H2: 5월 | I2: 6월 | J2: 7월 | K2: 8월 | L2: 9월 | M2: 10월 | N2: 11월 | O2: 12월 | Q2: 합계
A3: 오른쪽 셀에는 예상 판매량 합계 레이블이 있습니다. 셀 D3:O3에 월별 예상 판매량을 입력합니다. 합계는 셀 Q3에 자동 계산됩니다. | B3: 예상 판매량 합계 \(000,000) | D3: 790 | E3: 200 | F3: 500 | G3: 1500 | H3: 1200 | I3: 1500 | J3: 1500 | K3: 1800 | L3: 2000 | M3: 2000 | N3: 2000 | O3: 2000 | Q3: =SUM(D3:O3) -> 16990
A4: 오른쪽 셀에서 시작하는 인건비 표에 세부 정보를 입력합니다. 표 마지막에 인건비 월별 합계가, 셀 Q9에 연간 합계가 자동으로 계산됩니다. 셀 S9에는 스파크라인이 업데이트됩니다. 다음 지침은 A10 셀에 있습니다. | B4: 인건비 항목 | C4: 요율 | D4: 1월 | E4: 2월 | F4: 3월 | G4: 4월 | H4: 5월 | I4: 6월 | J4: 7월 | K4: 8월 | L4: 9월 | M4: 10월 | N4: 11월 | O4: 12월
B5: 인건비 (총 판매량에서 차지하는 비율) | D5: =D11+D36+D44+D51 -> 1.1 | E5: =E11+E36+E44+E51 -> 1.1 | F5: =F11+F36+F44+F51 -> 1.1 | G5: =G11+G36+G44+G51 -> 1.1 | H5: =H11+H36+H44+H51 -> 1.1 | I5: =I11+I36+I44+I51 -> 1.1 | J5: =J11+J36+J44+J51 -> 1.1 | K5: =K11+K36+K44+K51 -> 1.1 | ... O5: =O11+O36+O44+O51 -> 0.85
B6: 인사 - 인원수 | C6: 5 | D6: =+$C$6 -> 5 | E6: =+$C$6 -> 5 | F6: =+$C$6 -> 5 | G6: =+$C$6 -> 5 | H6: =+$C$6 -> 5 | I6: =+$C$6 -> 5 | J6: =+$C$6 -> 5 | K6: =+$C$6 -> 5 | ... O6: =+$C$6 -> 5
B7: 인사 - 비용 | D7: =$C$6*D6 -> 25 | E7: =$C$6*E6 -> 25 | F7: =$C$6*F6 -> 25 | G7: =$C$6*G6 -> 25 | H7: =$C$6*H6 -> 25 | I7: =$C$6*I6 -> 25 | J7: =$C$6*J6 -> 25 | K7: =$C$6*K6 -> 25 | ... O7: =$C$6*O6 -> 25 | Q7: =SUM('채널 마케팅 예산'!$D7:$O7) -> 300
B8: 수수료 | C8: 0.001 | D8: =D3*$C$8 -> 0.79 | E8: =E3*$C$8 -> 0.2 | F8: =F3*$C$8 -> 0.5 | G8: =G3*$C$8 -> 1.5 | H8: =H3*$C$8 -> 1.2 | I8: =I3*$C$8 -> 1.5 | J8: =J3*$C$8 -> 1.5 | K8: =K3*$C$8 -> 1.8 | ... O8: =O3*$C$8 -> 2 | Q8: =SUM('채널 마케팅 예산'!$D8:$O8) -> 16.99
B9: 인건비 합계 \(000,000) | D9: =SUM(D7:D8) -> 25.79 | E9: =SUM(E7:E8) -> 25.2 | F9: =SUM(F7:F8) -> 25.5 | G9: =SUM(G7:G8) -> 26.5 | H9: =SUM(H7:H8) -> 26.2 | I9: =SUM(I7:I8) -> 26.5 | J9: =SUM(J7:J8) -> 26.5 | K9: =SUM(K7:K8) -> 26.8 | ... O9: =SUM(O7:O8) -> 27 | Q9: =SUM(Q7:Q8) -> 316.99
A10: 오른쪽 셀에서 시작하는 다이렉트마케팅 표에 세부 정보를 입력합니다. 표 마지막에 텔레마케팅 월별 합계가, 셀 Q17에 연간 합계가 자동으로 계산됩니다. 셀 S17에는 스파크라인이 업데이트됩니다. 다음 지침은 셀 A18에 있습니다. | B10: 직접 마케팅 항목 | C10: 요율 | D10: 1월 | E10: 2월 | F10: 3월 | G10: 4월 | H10: 5월 | I10: 6월 | J10: 7월 | K10: 8월 | L10: 9월 | M10: 10월 | N10: 11월 | O10: 12월
B11: 직접 마케팅(총 판매량에서 차지하는 비율) | D11: 1 | E11: 1 | F11: 0.75 | G11: 0.4 | H11: 0.33 | I11: 0.25 | J11: 0.2 | K11: 0.1 | L11: 0.05 | M11: 0.05 | N11: 0.05 | O11: 0.05
B12: 텔레마케팅 (다이렉트 판매량에서 차지하는 비율) | D12: 1 | E12: 0.5 | F12: 0.5 | G12: 0.5 | H12: 0.5 | I12: 0.5 | J12: 0.5 | K12: 0.5 | L12: 0.5 | M12: 0.5 | N12: 0.5 | O12: 0.5
B13: 인사 - 인원수 | C13: 3 | D13: =$C$13*D12 -> 3 | E13: =$C$13*E12 -> 1.5 | F13: =$C$13*F12 -> 1.5 | G13: =$C$13*G12 -> 1.5 | H13: =$C$13*H12 -> 1.5 | I13: =$C$13*I12 -> 1.5 | J13: =$C$13*J12 -> 1.5 | K13: =$C$13*K12 -> 1.5 | ... O13: =$C$13*O12 -> 1.5 | Q13: =SUM('채널 마케팅 예산'!$D13:$O13) -> 19.5
B14: 인프라 지원 | D14: 25 | E14: 10 | F14: 25 | G14: 10 | H14: 25 | I14: 10 | J14: 25 | K14: 10 | L14: 25 | M14: 10 | N14: 25 | O14: 10 | Q14: =SUM('채널 마케팅 예산'!$D14:$O14) -> 210
B15: 수수료 | C15: 0.001 | D15: =$C$15*D3*D11*D12 -> 0.79 | E15: =$C$15*E3*E11*E12 -> 0.1 | F15: =$C$15*F3*F11*F12 -> 0.1875 | G15: =$C$15*G3*G11*G12 -> 0.3 | H15: =$C$15*H3*H11*H12 -> 0.198 | I15: =$C$15*I3*I11*I12 -> 0.1875 | J15: =$C$15*J3*J11*J12 -> 0.15 | K15: =$C$15*K3*K11*K12 -> 0.09 | ... O15: =$C$15*O3*O11*O12 -> 0.05 | Q15: =SUM('채널 마케팅 예산'!$D15:$O15) -> 2.203
B16: 온라인 교육 | D16: 25 | E16: 10 | F16: 25 | G16: 10 | H16: 25 | I16: 10 | J16: 25 | K16: 10 | L16: 25 | M16: 10 | N16: 25 | O16: 10 | Q16: =SUM('채널 마케팅 예산'!$D16:$O16) -> 210
B17: 텔레마케팅 합계 \(000,000) | D17: =SUM(D13:D16) -> 53.79 | E17: =SUM(E13:E16) -> 21.6 | F17: =SUM(F13:F16) -> 51.6875 | G17: =SUM(G13:G16) -> 21.8 | H17: =SUM(H13:H16) -> 51.698 | I17: =SUM(I13:I16) -> 21.6875 | J17: =SUM(J13:J16) -> 51.65 | K17: =SUM(K13:K16) -> 21.59 | ... O17: =SUM(O13:O16) -> 21.55 | Q17: =SUM(Q13:Q16) -> 441.703
A18: 오른쪽 셀에서 시작하는 인터넷 마케팅 표에 세부 정보를 입력합니다. 표 마지막에 인터넷 마케팅 월별 합계가, 셀 Q24에 연간 합계가 자동으로 계산됩니다. 셀 S24에는 스파크라인이 업데이트됩니다. 다음 지침은 A25 셀에 있습니다. | B18: 인터넷 마케팅 항목 | C18: 요율 | D18: 1월 | E18: 2월 | F18: 3월 | G18: 4월 | H18: 5월 | I18: 6월 | J18: 7월 | K18: 8월 | L18: 9월 | M18: 10월 | N18: 11월 | O18: 12월
B19: 인터넷 마케팅(다이렉트 판매량에서 차지하는 비율) | D19: 0.25 | E19: 0.25 | F19: 0.25 | G19: 0.25 | H19: 0.25 | I19: 0.25 | J19: 0.25 | K19: 0.25 | L19: 0.25 | M19: 0.25 | N19: 0.25 | O19: 0.25
B20: 인사 - 인원수 | C20: 1 | D20: =$C$20*D19 -> 0.25 | E20: =$C$20*E19 -> 0.25 | F20: =$C$20*F19 -> 0.25 | G20: =$C$20*G19 -> 0.25 | H20: =$C$20*H19 -> 0.25 | I20: =$C$20*I19 -> 0.25 | J20: =$C$20*J19 -> 0.25 | K20: =$C$20*K19 -> 0.25 | ... O20: =$C$20*O19 -> 0.25 | Q20: =SUM('채널 마케팅 예산'!$D20:$O20) -> 3
B21: 웹 사이트 개발(일회성 비용) | D21: 500 | Q21: =SUM('채널 마케팅 예산'!$D21:$O21) -> 500
B22: 호스팅 | D22: 10 | E22: 10 | F22: 10 | G22: 10 | H22: 10 | I22: 10 | J22: 10 | K22: 10 | L22: 10 | M22: 10 | N22: 10 | O22: 10 | Q22: =SUM('채널 마케팅 예산'!$D22:$O22) -> 120
B23: 지원 및 유지 관리 | D23: 25 | N23: 25 | Q23: =SUM('채널 마케팅 예산'!$D23:$O23) -> 50
B24: Facebook | E24: 100 | G24: 100 | I24: 100 | K24: 100 | M24: 100 | O24: 100 | Q24: =SUM('채널 마케팅 예산'!$D24:$O24) -> 600
B25: Twitter | D25: 100 | F25: 100 | H25: 100 | J25: 100 | L25: 100 | N25: 100 | Q25: =SUM('채널 마케팅 예산'!$D25:$O25) -> 600
B26: YouTube | E26: 100 | G26: 100 | H26: 100 | L26: 100 | M26: 100 | O26: 100 | Q26: =SUM('채널 마케팅 예산'!$D26:$O26) -> 600
B27: 인터넷 마케팅 합계 \(000,000) | D27: =SUM(D20:D23) -> 535.25 | E27: =SUM(E20:E23) -> 10.25 | F27: =SUM(F20:F23) -> 10.25 | G27: =SUM(G20:G23) -> 10.25 | H27: =SUM(H20:H23) -> 10.25 | I27: =SUM(I20:I23) -> 10.25 | J27: =SUM(J20:J23) -> 10.25 | K27: =SUM(K20:K23) -> 10.25 | ... O27: =SUM(O20:O23) -> 10.25 | Q27: =SUM(Q20:Q23) -> 673
A28: 오른쪽 셀에서 시작하는 다이렉트 메일 표에 세부 정보를 입력합니다. 표 마지막에 다이렉트 메일 월별 합계가, 셀 Q30에 연간 합계가 자동으로 계산됩니다. 다음 지침은 셀 A31에 있습니다. | B28: 다이렉트 메일 항목 | C28: 요율 | D28: 1월 | E28: 2월 | F28: 3월 | G28: 4월 | H28: 5월 | I28: 6월 | J28: 7월 | K28: 8월 | L28: 9월 | M28: 10월 | N28: 11월 | O28: 12월
B29: 다이렉트 메일(다이렉트 판매량에서 차지하는 비율)
B30: 인사 - 비용 | Q30: =SUM('채널 마케팅 예산'!$D30:$O30) -> 0
B31: 준비물 | D31: 1000 | E31: 1000 | F31: 1000 | G31: 1000 | H31: 1000 | I31: 1000 | J31: 1000 | K31: 1000 | L31: 1000 | M31: 1000 | N31: 1000 | O31: 1000 | Q31: =SUM('채널 마케팅 예산'!$D31:$O31) -> 12000
B32: 우편 | D32: 250 | E32: 250 | F32: 250 | G32: 250 | H32: 250 | I32: 250 | J32: 250 | K32: 250 | L32: 250 | M32: 250 | N32: 250 | O32: 250 | Q32: =SUM('채널 마케팅 예산'!$D32:$O32) -> 3000
B33: 다이렉트 메일 합계 \(000,000) | D33: =SUM(D30:D32) -> 1250 | E33: =SUM(E30:E32) -> 1250 | F33: =SUM(F30:F32) -> 1250 | G33: =SUM(G30:G32) -> 1250 | H33: =SUM(H30:H32) -> 1250 | I33: =SUM(I30:I32) -> 1250 | J33: =SUM(J30:J32) -> 1250 | K33: =SUM(K30:K32) -> 1250 | ... O33: =SUM(O30:O32) -> 1250 | Q33: =SUM(Q30:Q32) -> 15000
A34: 이 행의 셀 D31:O31에 다이렉트 마케팅 합계가, 셀 Q31에 연간 합계가 자동으로 계산됩니다. 셀 S31에는 스파크라인이 업데이트됩니다. | B34: 다이렉트 마케팅 합계 \(000,000) | D34: =SUM(DirectMail[[#Totals],[1월]],InternetMarketing[[#Totals],[1월]],DirectMarketing[[#Totals],[1월]]) -> 1839.04 | E34: =SUM(DirectMail[[#Totals],[2월]],InternetMarketing[[#Totals],[2월]],DirectMarketing[[#Totals],[2월]]) -> 1281.85 | F34: =SUM(DirectMail[[#Totals],[3월]],InternetMarketing[[#Totals],[3월]],DirectMarketing[[#Totals],[3월]]) -> 1311.9375 | G34: =SUM(DirectMail[[#Totals],[4월]],InternetMarketing[[#Totals],[4월]],DirectMarketing[[#Totals],[4월]]) -> 1282.05 | H34: =SUM(DirectMail[[#Totals],[5월]],InternetMarketing[[#Totals],[5월]],DirectMarketing[[#Totals],[5월]]) -> 1311.948 | I34: =SUM(DirectMail[[#Totals],[6월]],InternetMarketing[[#Totals],[6월]],DirectMarketing[[#Totals],[6월]]) -> 1281.9375 | J34: =SUM(DirectMail[[#Totals],[7월]],InternetMarketing[[#Totals],[7월]],DirectMarketing[[#Totals],[7월]]) -> 1311.9 | K34: =SUM(DirectMail[[#Totals],[8월]],InternetMarketing[[#Totals],[8월]],DirectMarketing[[#Totals],[8월]]) -> 1281.84 | L34: =SUM(DirectMail[[#Totals],[9월]],InternetMarketing[[#Totals],[9월]],DirectMarketing[[#Totals],[9월]]) -> 1311.8 | M34: =SUM(DirectMail[[#Totals],[10월]],InternetMarketing[[#Totals],[10월]],DirectMarketing[[#Totals],[10월]]) -> 1281.8 | N34: =SUM(DirectMail[[#Totals],[11월]],InternetMarketing[[#Totals],[11월]],DirectMarketing[[#Totals],[11월]]) -> 1336.8 | O34: =SUM(DirectMail[[#Totals],[12월]],InternetMarketing[[#Totals],[12월]],DirectMarketing[[#Totals],[12월]]) -> 1281.8 | Q34: =SUM(Q33,Q27,Q17,Q9) -> 16431.693
A35: 오른쪽 셀에서 시작하는 에이전트/브로커 표에 세부 정보를 입력합니다. 표 마지막에 에이전트/브로커 월별 합계가, 셀 Q39에 연간 합계가 자동으로 계산됩니다. 셀 S39에는 스파크라인이 업데이트됩니다. 다음 지침은 셀 A40에 있습니다. | B35: 에이전트/브로커 항목 | C35: 요율 | D35: 1월 | E35: 2월 | F35: 3월 | G35: 4월 | H35: 5월 | I35: 6월 | J35: 7월 | K35: 8월 | L35: 9월 | M35: 10월 | N35: 11월 | O35: 12월
B36: 에이전트/브로커(총 판매량에서 차지하는 비율) | D36: 0.1 | E36: 0.1 | F36: 0.1 | G36: 0.1 | H36: 0.1 | I36: 0.1 | J36: 0.1 | K36: 0.1 | L36: 0.1 | M36: 0.1 | N36: 0.1 | O36: 0.1
B37: 의사소통 | D37: 50 | E37: 50 | F37: 50 | G37: 50 | H37: 50 | I37: 50 | J37: 50 | K37: 50 | L37: 50 | M37: 50 | N37: 50 | O37: 50 | Q37: =SUM('채널 마케팅 예산'!$D37:$O37) -> 600
B38: 온라인 교육 | D38: 250 | E38: 250 | F38: 250 | G38: 250 | H38: 250 | I38: 250 | J38: 250 | K38: 250 | L38: 250 | M38: 250 | N38: 250 | O38: 250 | Q38: =SUM('채널 마케팅 예산'!$D38:$O38) -> 3000
B39: 판촉 | D39: 600 | E39: 600 | F39: 600 | G39: 600 | H39: 600 | I39: 600 | J39: 600 | K39: 600 | L39: 600 | M39: 600 | N39: 600 | O39: 600 | Q39: =SUM('채널 마케팅 예산'!$D39:$O39) -> 7200
B40: 할인 | C40: 0.1 | D40: =D3*D36*$C$40 -> 7.9 | E40: =E3*E36*$C$40 -> 2 | F40: =F3*F36*$C$40 -> 5 | G40: =G3*G36*$C$40 -> 15 | H40: =H3*H36*$C$40 -> 12 | I40: =I3*I36*$C$40 -> 15 | J40: =J3*J36*$C$40 -> 15 | K40: =K3*K36*$C$40 -> 18 | ... O40: =O3*O36*$C$40 -> 20 | Q40: =SUM('채널 마케팅 예산'!$D40:$O40) -> 169.9
B41: 수수료 (에이전트 판매량에서 차지하는 비율) | C41: 0.1 | D41: =D3*D36*$C$41 -> 7.9 | E41: =E3*E36*$C$41 -> 2 | F41: =F3*F36*$C$41 -> 5 | G41: =G3*G36*$C$41 -> 15 | H41: =H3*H36*$C$41 -> 12 | I41: =I3*I36*$C$41 -> 15 | J41: =J3*J36*$C$41 -> 15 | K41: =K3*K36*$C$41 -> 18 | ... O41: =O3*O36*$C$41 -> 20 | Q41: =SUM('채널 마케팅 예산'!$D41:$O41) -> 169.9
B42: 에이전트/브로커 합계 \(000,000) | D42: =SUM(D37:D41) -> 915.8 | E42: =SUM(E37:E41) -> 904 | F42: =SUM(F37:F41) -> 910 | G42: =SUM(G37:G41) -> 930 | H42: =SUM(H37:H41) -> 924 | I42: =SUM(I37:I41) -> 930 | J42: =SUM(J37:J41) -> 930 | K42: =SUM(K37:K41) -> 936 | ... O42: =SUM(O37:O41) -> 940 | Q42: =SUM(Q37:Q41) -> 11139.8
A43: 오른쪽 셀에서 시작하는 유통업체 표에 세부 정보를 입력합니다. 표 마지막에 유통업체 월별 합계가, 셀 Q46에 연간 합계가 자동으로 계산됩니다. 셀 S46에는 스파크라인이 업데이트됩니다. 다음 지침은 셀 A47에 있습니다. | B43: 배포자 항목 | C43: 요율 | D43: 1월 | E43: 2월 | F43: 3월 | G43: 4월 | H43: 5월 | I43: 6월 | J43: 7월 | K43: 8월 | L43: 9월 | M43: 10월 | N43: 11월 | O43: 12월
B44: 유통업체(총 판매량에서 차지하는 비율) | D44: 0 | E44: 0 | F44: 0 | G44: 0 | H44: 0 | I44: 0.15 | J44: 0.2 | K44: 0.4 | L44: 0.4 | M44: 0.4 | N44: 0.4 | O44: 0.4
B45: 의사소통 | D45: 50 | E45: 50 | F45: 50 | G45: 50 | H45: 50 | I45: 50 | J45: 50 | K45: 50 | L45: 50 | M45: 50 | N45: 50 | O45: 50 | Q45: =SUM('채널 마케팅 예산'!$D45:$O45) -> 600
B46: 온라인 교육 | D46: 250 | E46: 250 | F46: 250 | G46: 250 | H46: 250 | I46: 250 | J46: 250 | K46: 250 | L46: 250 | M46: 250 | N46: 250 | O46: 250 | Q46: =SUM(Dstributors[[#This Row],[1월]:[12월]]) -> 3000
B47: 판촉 | D47: 600 | E47: 600 | F47: 600 | G47: 600 | H47: 600 | I47: 600 | J47: 600 | K47: 600 | L47: 600 | M47: 600 | N47: 600 | O47: 600 | Q47: =SUM(Dstributors[[#This Row],[1월]:[12월]]) -> 7200
B48: 수수료/할인 (유통업체 판매량에서 차지하는 비율) | C48: 0.15 | D48: =D3*D44*$C$48 -> 0 | E48: =E3*E44*$C$48 -> 0 | F48: =F3*F44*$C$48 -> 0 | G48: =G3*G44*$C$48 -> 0 | H48: =H3*H44*$C$48 -> 0 | I48: =I3*I44*$C$48 -> 33.75 | J48: =J3*J44*$C$48 -> 45 | K48: =K3*K44*$C$48 -> 108 | ... O48: =O3*O44*$C$48 -> 120 | Q48: =SUM(Dstributors[[#This Row],[1월]:[12월]]) -> 666.75
B49: 유통업체 합계 \(000,000) | D49: =SUM(D45:D48) -> 900 | E49: =SUM(E45:E48) -> 900 | F49: =SUM(F45:F48) -> 900 | G49: =SUM(G45:G48) -> 900 | H49: =SUM(H45:H48) -> 900 | I49: =SUM(I45:I48) -> 933.75 | J49: =SUM(J45:J48) -> 945 | K49: =SUM(K45:K48) -> 1008 | ... O49: =SUM(O45:O48) -> 1020 | Q49: =SUM(Q45:Q48) -> 11466.75
A50: 오른쪽 셀에서 시작하는 대리점 표에 세부 정보를 입력합니다. 표 마지막에 대리점 월별 합계가, 셀 Q53에 연간 합계가 자동으로 계산됩니다. 셀 S53에는 스파크라인이 업데이트됩니다. 다음 지침은 셀 A54에 있습니다. | B50: 소매 항목 | C50: 요율 | D50: 1월 | E50: 2월 | F50: 3월 | G50: 4월 | H50: 5월 | I50: 6월 | J50: 7월 | K50: 8월 | L50: 9월 | M50: 10월 | N50: 11월 | O50: 12월
B51: 대리점(총 판매량에서 차지하는 비율) | D51: 0 | E51: 0 | F51: 0.25 | G51: 0.6 | H51: 0.67 | I51: 0.6 | J51: 0.6 | K51: 0.5 | L51: 0.3 | M51: 0.3 | N51: 0.3 | O51: 0.3
B52: 의사소통 | D52: 50 | E52: 50 | F52: 50 | G52: 50 | H52: 50 | I52: 50 | J52: 50 | K52: 50 | L52: 50 | M52: 50 | N52: 50 | O52: 50
B53: 온라인 교육 | D53: 250 | E53: 250 | F53: 250 | G53: 250 | H53: 250 | I53: 250 | J53: 250 | K53: 250 | L53: 250 | M53: 250 | N53: 250 | O53: 250 | Q53: =SUM('채널 마케팅 예산'!$D52:$O52) -> 600
B54: 판촉 | D54: 600 | E54: 600 | F54: 600 | G54: 600 | H54: 600 | I54: 600 | J54: 600 | K54: 600 | L54: 600 | M54: 600 | N54: 600 | O54: 600 | Q54: =SUM('채널 마케팅 예산'!$D53:$O53) -> 3000
B55: 수수료/할인 (대리점 판매량에서 차지하는 비율) | C55: 0.1 | D55: =D3*D51*$C$55 -> 0 | E55: =E3*E51*$C$55 -> 0 | F55: =F3*F51*$C$55 -> 12.5 | G55: =G3*G51*$C$55 -> 90 | H55: =H3*H51*$C$55 -> 80.4 | I55: =I3*I51*$C$55 -> 90 | J55: =J3*J51*$C$55 -> 90 | K55: =K3*K51*$C$55 -> 90 | ... O55: =O3*O51*$C$55 -> 60 | Q55: =SUM('채널 마케팅 예산'!$D55:$O55) -> 692.9
B56: 대리점 합계 \(000,000) | D56: =SUM(D52:D55) -> 900 | E56: =SUM(E52:E55) -> 900 | F56: =SUM(F52:F55) -> 912.5 | G56: =SUM(G52:G55) -> 990 | H56: =SUM(H52:H55) -> 980.4 | I56: =SUM(I52:I55) -> 990 | J56: =SUM(J52:J55) -> 990 | K56: =SUM(K52:K55) -> 990 | ... O56: =SUM(O52:O55) -> 960 | Q56: =SUM(Q53:Q55) -> 4292.9
A57: 오른쪽 셀에서 시작하는 고객 확보/유지 표에 세부 정보를 입력합니다. 표 마지막에 고객 확보/유지 월별 합계가, 셀 Q59에 연간 합계가 자동으로 계산됩니다. 셀 S59에는 스파크라인이 업데이트됩니다. 다음 지침은 셀 A60에 있습니다. | B57: 고객 요구 사항 및 보존(자동차) 항목 | C57: 요율 | D57: 1월 | E57: 2월 | F57: 3월 | G57: 4월 | H57: 5월 | I57: 6월 | J57: 7월 | K57: 8월 | L57: 9월 | M57: 10월 | N57: 11월 | O57: 12월
B58: 고객 확보/유지
B59: 인적 자원 | D59: 50 | E59: 50 | F59: 50 | G59: 50 | H59: 50 | I59: 50 | J59: 50 | K59: 50 | L59: 50 | M59: 50 | N59: 50 | O59: 50 | Q59: =SUM('채널 마케팅 예산'!$D59:$O59) -> 600
B60: 커뮤니케이션 | D60: 250 | E60: 250 | F60: 250 | G60: 250 | H60: 250 | I60: 250 | J60: 250 | K60: 250 | L60: 250 | M60: 250 | N60: 250 | O60: 250 | Q60: =SUM('채널 마케팅 예산'!$D60:$O60) -> 3000
B61: 프로모션/쿠폰 | D61: 600 | E61: 600 | F61: 600 | G61: 600 | H61: 600 | I61: 600 | J61: 600 | K61: 600 | L61: 600 | M61: 600 | N61: 600 | O61: 600 | Q61: =SUM('채널 마케팅 예산'!$D61:$O61) -> 7200
B62: 고객 확보/유지 합계 \(000,000) | D62: =SUM(D59:D61) -> 900 | E62: =SUM(E59:E61) -> 900 | F62: =SUM(F59:F61) -> 900 | G62: =SUM(G59:G61) -> 900 | H62: =SUM(H59:H61) -> 900 | I62: =SUM(I59:I61) -> 900 | J62: =SUM(J59:J61) -> 900 | K62: =SUM(K59:K61) -> 900 | ... O62: =SUM(O59:O61) -> 900 | Q62: =SUM(Q59:Q61) -> 10800
A63: 오른쪽 셀에서 시작하는 기타 경비 표에 세부 정보를 입력합니다. 표 마지막에 기타 경비 월별 합계가, 셀 Q65에 연간 합계가 자동으로 계산됩니다. 셀 S65에는 스파크라인이 업데이트됩니다. 다음 지침은 셀 A67에 있습니다. | B63: 기타 경비 항목 | C63: 요율 | D63: 1월 | E63: 2월 | F63: 3월 | G63: 4월 | H63: 5월 | I63: 6월 | J63: 7월 | K63: 8월 | L63: 9월 | M63: 10월 | N63: 11월 | O63: 12월
B64: 기타 경비
B65: 여행 | D65: 50 | E65: 50 | F65: 50 | G65: 50 | H65: 50 | I65: 50 | J65: 50 | K65: 50 | L65: 50 | M65: 50 | N65: 50 | O65: 50 | Q65: =SUM('채널 마케팅 예산'!$D65:$O65) -> 600
B66: 인프라(컴퓨터, 전화 등) | D66: 250 | E66: 250 | F66: 250 | G66: 250 | H66: 250 | I66: 250 | J66: 250 | K66: 250 | L66: 250 | M66: 250 | N66: 250 | O66: 250 | Q66: =SUM('채널 마케팅 예산'!$D66:$O66) -> 3000
B67: 채널 지원 | D67: 600 | E67: 600 | F67: 600 | G67: 600 | H67: 600 | I67: 600 | J67: 600 | K67: 600 | L67: 600 | M67: 600 | N67: 600 | O67: 600 | Q67: =SUM('채널 마케팅 예산'!$D67:$O67) -> 7200
B68: 기타 경비 합계 \(000,000) | D68: =SUM(D65:D67) -> 900 | E68: =SUM(E65:E67) -> 900 | F68: =SUM(F65:F67) -> 900 | G68: =SUM(G65:G67) -> 900 | H68: =SUM(H65:H67) -> 900 | I68: =SUM(I65:I67) -> 900 | J68: =SUM(J65:J67) -> 900 | K68: =SUM(K65:K67) -> 900 | ... O68: =SUM(O65:O67) -> 900 | Q68: =SUM(Q65:Q67) -> 10800
A70: 이 행의 셀 D67:O67에 총 마케팅 예산이, 셀 Q67에 연간 합계가 자동으로 계산됩니다. 셀 S67에는 스파크라인이 업데이트됩니다. | B70: 총 마케팅 예산 | D70: =SUM(D34,AgentAndBroker[[#Totals],[1월]],Dstributors[[#Totals],[1월]],Retailer[[#Totals],[1월]],CAR[[#Totals],[1월]],OtherExpenses[[#Totals],[1월]]) -> 6354.84 | E70: =SUM(OtherExpenses[[#Totals],[2월]],CAR[[#Totals],[2월]],Retailer[[#Totals],[2월]],Dstributors[[#Totals],[2월]],AgentAndBroker[[#Totals],[2월]],E34) -> 5785.85 | F70: =SUM(OtherExpenses[[#Totals],[3월]],CAR[[#Totals],[3월]],Retailer[[#Totals],[3월]],Dstributors[[#Totals],[3월]],AgentAndBroker[[#Totals],[3월]],F34) -> 5834.4375 | G70: =SUM(OtherExpenses[[#Totals],[4월]],CAR[[#Totals],[4월]],Retailer[[#Totals],[4월]],Dstributors[[#Totals],[4월]],AgentAndBroker[[#Totals],[4월]],G34) -> 5902.05 | H70: =SUM(OtherExpenses[[#Totals],[5월]],CAR[[#Totals],[5월]],Retailer[[#Totals],[5월]],Dstributors[[#Totals],[5월]],AgentAndBroker[[#Totals],[5월]],H34) -> 5916.348 | I70: =SUM(OtherExpenses[[#Totals],[6월]],CAR[[#Totals],[6월]],Retailer[[#Totals],[6월]],Dstributors[[#Totals],[6월]],AgentAndBroker[[#Totals],[6월]],I34) -> 5935.6875 | J70: =SUM(OtherExpenses[[#Totals],[7월]],CAR[[#Totals],[7월]],Retailer[[#Totals],[7월]],Dstributors[[#Totals],[7월]],AgentAndBroker[[#Totals],[7월]],J34) -> 5976.9 | K70: =SUM(OtherExpenses[[#Totals],[8월]],CAR[[#Totals],[8월]],Retailer[[#Totals],[8월]],Dstributors[[#Totals],[8월]],AgentAndBroker[[#Totals],[8월]],K34) -> 6015.84 | L70: =SUM(OtherExpenses[[#Totals],[9월]],CAR[[#Totals],[9월]],Retailer[[#Totals],[9월]],Dstributors[[#Totals],[9월]],AgentAndBroker[[#Totals],[9월]],L34) -> 6031.8 | M70: =SUM(OtherExpenses[[#Totals],[10월]],CAR[[#Totals],[10월]],Retailer[[#Totals],[10월]],Dstributors[[#Totals],[10월]],AgentAndBroker[[#Totals],[10월]],M34) -> 6001.8 | N70: =SUM(OtherExpenses[[#Totals],[11월]],CAR[[#Totals],[11월]],Retailer[[#Totals],[11월]],Dstributors[[#Totals],[11월]],AgentAndBroker[[#Totals],[11월]],N34) -> 6056.8 | O70: =SUM(OtherExpenses[[#Totals],[12월]],CAR[[#Totals],[12월]],Retailer[[#Totals],[12월]],Dstributors[[#Totals],[12월]],AgentAndBroker[[#Totals],[12월]],O34) -> 6001.8 | Q70: =Q72 -> 0
